Object ID	Transporters	Gene	Reactions	Reaction-Direction	GO terms (molecular function)	GO terms (cellular component)	GO terms (biological process)
TRANS-RXN0-214	MONOMER0-2799		TRANS-RXN0-214	LEFT-TO-RIGHT			
TRANS-RXN0-580	YIHO-MONOMER	EG11841	TRANS-RXN0-580	LEFT-TO-RIGHT	GO:0022857 // GO:0015293 // GO:0015294 // GO:1901682	GO:0016021 // GO:0016020 // GO:0005887 // GO:0005886	GO:0071702 // GO:0034220 // GO:0008643 // GO:0098655 // GO:0055085 // GO:0006814 // GO:0072348
TRANS-RXN0-228 // TRANS-RXN0-209 // TRANS-RXN-181A	YJGT-MONOMER	EG12539	TRANS-RXN0-228 // TRANS-RXN0-209 // TRANS-RXN-181A	REVERSIBLE	GO:0015568 // GO:0015128	GO:0005887 // GO:0016020 // GO:0005886 // GO:0016021	GO:0035429 // GO:0046183 // GO:0019521 // GO:0015726 // GO:0008643
TRANS-RXN-262	ANSP-MONOMER	G6764	TRANS-RXN-262	REVERSIBLE		GO:0016021 // GO:0016020 // GO:0005886	GO:0055085 // GO:0006865
TRANS-RXN-41	FSR-MONOMER	G6256	TRANS-RXN-41	REVERSIBLE	GO:0022857	GO:0016021 // GO:0016020 // GO:0005887 // GO:0005886	GO:0055085 // GO:0006974 // GO:0046677
TRANS-RXN-24 // TRANS-RXN-94 // RXN0-7215 // RXN0-7217 // RXN-17755	LACY-MONOMER	EG10526	TRANS-RXN-24 // TRANS-RXN-94 // RXN0-7215 // RXN0-7217 // RXN-17755	REVERSIBLE	GO:0022857 // GO:0015293 // GO:0030395 // GO:0005351 // GO:0005515 // GO:0015528	GO:0016021 // GO:0016020 // GO:0005886 // GO:0005887	GO:0071702 // GO:0034219 // GO:1902600 // GO:0055085 // GO:0008643 // GO:0015767
TRANS-RXN0-240	EG11471-MONOMER	EG11471	TRANS-RXN0-240	LEFT-TO-RIGHT	GO:0015225	GO:0016021 // GO:0016020 // GO:0005887 // GO:0005886	GO:0015878
TRANS-RXN-250	MGTA-MONOMER	EG12525	TRANS-RXN-250	PHYSIOL-LEFT-TO-RIGHT	GO:0019829 // GO:0046872 // GO:0000166 // GO:0015662 // GO:0005515 // GO:0005524 // GO:0015444	GO:0043231 // GO:0016021 // GO:0016020 // GO:0005887 // GO:0005886	GO:0015693 // GO:0071286 // GO:1903830
TRANS-RXN-379 // TRANS-RXN-106 // TRANS-RXN-106B // TRANS-RXN-106A // TRANS-RXN-299	DCUA-MONOMER	EG11225	TRANS-RXN-379 // TRANS-RXN-106 // TRANS-RXN-106B // TRANS-RXN-106A // TRANS-RXN-299	REVERSIBLE	GO:0005469 // GO:0015556	GO:0016020 // GO:0005887 // GO:0005886 // GO:0016021	GO:0071422 // GO:0015741 // GO:0044271 // GO:0140009 // GO:0009061 // GO:0015740
TRANS-RXN-3	TRKH-MONOMER	EG11021	TRANS-RXN-3	REVERSIBLE	GO:0015379 // GO:0046872 // GO:0008324 // GO:0030955 // GO:0005267 // GO:0015079	GO:0016021 // GO:0016020 // GO:0005887 // GO:0005886	GO:0006813 // GO:0055085 // GO:0006812 // GO:0006811 // GO:0071805
TRANS-RXN0-270 // RXN0-7050	G6984-MONOMER	G6984	TRANS-RXN0-270 // RXN0-7050	REVERSIBLE	GO:0015171 // GO:0015190	GO:0005887 // GO:0016021 // GO:0016020 // GO:0005886	GO:0015807 // GO:0015803 // GO:0003333 // GO:0098655 // GO:1902475 // GO:0006865 // GO:0015820
TRANS-RXN0-204 // TRANS-RXN0-203 // TRANS-RXN0-523	YHAU-MONOMER	EG12760	TRANS-RXN0-204 // TRANS-RXN0-203 // TRANS-RXN0-523	REVERSIBLE	GO:0022857 // GO:0015296	GO:0016021 // GO:0016020 // GO:0005887 // GO:0005886	GO:0015698 // GO:0055085 // GO:0019580 // GO:0042836
TRANS-RXN-56	PHEP-MONOMER	EG10708	TRANS-RXN-56	REVERSIBLE		GO:0016021 // GO:0016020 // GO:0005886	GO:0055085 // GO:0006865 // GO:0015823
TRANS-RXN-44 // TRANS-RXN-129 // TRANS-RXN-336 // TRANS-RXN0-589 // TRANS-RXN0-588	YJIO-MONOMER	EG12576	TRANS-RXN-44 // TRANS-RXN-129 // TRANS-RXN-336 // TRANS-RXN0-589 // TRANS-RXN0-588	REVERSIBLE	GO:0042910 // GO:0022857 // GO:0015299 // GO:0015125 // GO:0015385 // GO:0015386	GO:0016021 // GO:0016020 // GO:0005887 // GO:0005886	GO:0098656 // GO:0055085 // GO:0036376 // GO:0097623 // GO:1990961 // GO:0015721 // GO:0030641 // GO:0046677
TRANS-RXN0-585 // TRANS-RXN0-584	G7138-MONOMER	G7138	TRANS-RXN0-585 // TRANS-RXN0-584	LEFT-TO-RIGHT	GO:0046583 // GO:0015099	GO:0016021 // GO:0016020 // GO:0005887 // GO:0005886	GO:0015675 // GO:0006824 // GO:0006811 // GO:0010045 // GO:0032025 // GO:0035784 // GO:0035444
TRANS-RXN-104 // TRANS-RXN0-515 // TRANS-RXN-105 // TRANS-RXN0-622	LCTP-MONOMER	EG11961	TRANS-RXN-104 // TRANS-RXN0-515 // TRANS-RXN-105 // TRANS-RXN0-622	LEFT-TO-RIGHT // REVERSIBLE	GO:0015295 // GO:0043879 // GO:0015129	GO:0016021 // GO:0016020 // GO:0005886 // GO:0005887	GO:1902600 // GO:0015727 // GO:0006974 // GO:0035873
TRANS-RXN-346	G6674-MONOMER	G6674	TRANS-RXN-346	LEFT-TO-RIGHT	GO:0046873 // GO:0050897 // GO:0015095 // GO:0015087 // GO:0000287 // GO:0005515 // GO:0015295 // GO:0022883 // GO:0005385	GO:0005886 // GO:0016021 // GO:0016020 // GO:0005887	GO:0030001 // GO:0055085 // GO:1903830 // GO:1902600 // GO:0006829 // GO:0006824 // GO:0006811 // GO:0071578 // GO:0071577
TRANS-RXN-33 // TRANS-RXN0-502 // TRANS-RXN0-501 // TRANS-RXN0-534	UHPT-MONOMER	EG11054	TRANS-RXN-33 // TRANS-RXN0-502 // TRANS-RXN0-501 // TRANS-RXN0-534	REVERSIBLE	GO:0022857 // GO:0015526	GO:0016021 // GO:0016020 // GO:0005887 // GO:0005886	GO:0006817 // GO:0055085 // GO:0008643 // GO:0015712 // GO:0015760
RXN-15315 // RXN0-0	G7921-MONOMER	G7921	RXN-15315 // RXN0-0	LEFT-TO-RIGHT	GO:0015288	GO:0016021 // GO:0016020 // GO:0046930 // GO:0045203 // GO:0009279	GO:0015739 // GO:0055085 // GO:0006811
RXN-5076	YICE-MONOMER	EG11194	RXN-5076	REVERSIBLE	GO:0022857 // GO:0042907	GO:0016021 // GO:0016020 // GO:0005886 // GO:0005887	GO:0055085 // GO:0042906
TRANS-RXN-112 // TRANS-RXN0-236	RHAT-MONOMER	EG11313	TRANS-RXN-112 // TRANS-RXN0-236	REVERSIBLE	GO:0015153 // GO:0015293	GO:0016020 // GO:0016021 // GO:0005886	GO:0008645 // GO:0008643 // GO:0015762
TRANS-RXN-42	KEFB-MONOMER	EG20110	TRANS-RXN-42	REVERSIBLE	GO:0015503 // GO:0015299 // GO:0008324 // GO:0015297	GO:0005887 // GO:0016021 // GO:0016020 // GO:0005886	GO:0098655 // GO:0055085 // GO:1902600 // GO:0071805 // GO:0006812 // GO:0006813 // GO:0006811
TRANS-RXN-58	LYSP-MONOMER	EG11337	TRANS-RXN-58	REVERSIBLE	GO:0015171 // GO:0005515 // GO:0008134 // GO:0015189 // GO:0042802	GO:0016021 // GO:0016020 // GO:0030288 // GO:0005887 // GO:0005886	GO:0055085 // GO:0003333 // GO:0006865 // GO:0051090 // GO:0043200 // GO:0097639
TRANS-RXN0-279	EG11486-MONOMER	EG11486	TRANS-RXN0-279	PHYSIOL-LEFT-TO-RIGHT	GO:0140303	GO:0005887 // GO:0016021 // GO:0016020 // GO:0005886	GO:0009246
TRANS-RXN0-571 // TRANS-RXN-121	EG11512-MONOMER	EG11512	TRANS-RXN0-571 // TRANS-RXN-121	REVERSIBLE	GO:0015293 // GO:0015360	GO:0016021 // GO:0016020 // GO:0005887 // GO:0005886	GO:1902600 // GO:0006811 // GO:0035433 // GO:0071422
TRANS-RXN0-457 // TRANS-RXN-61	MHPT-MONOMER	G6206	TRANS-RXN0-457 // TRANS-RXN-61	REVERSIBLE	GO:0022857 // GO:0015293 // GO:0015540	GO:0016021 // GO:0016020 // GO:0005887 // GO:0005886	GO:0055085 // GO:0042920
TRANS-RXN-108D // TRANS-RXN-108B // TRANS-RXN-108H // TRANS-RXN-108E // TRANS-RXN-108G // TRANS-RXN-108I // TRANS-RXN-108F // TRANS-RXN-108C // TRANS-RXN-108A // TRANS-RXN-476	NUPC-MONOMER	EG11971	TRANS-RXN-108D // TRANS-RXN-108B // TRANS-RXN-108H // TRANS-RXN-108E // TRANS-RXN-108G // TRANS-RXN-108I // TRANS-RXN-108F // TRANS-RXN-108C // TRANS-RXN-108A // TRANS-RXN-476	REVERSIBLE	GO:0015506	GO:0016021 // GO:0016020 // GO:0005887 // GO:0005886	GO:1901642
TRANS-RXN-30	XYLE-MONOMER	EG11076	TRANS-RXN-30	REVERSIBLE	GO:0022857 // GO:0015293 // GO:0015519	GO:0016021 // GO:0016020 // GO:0005887 // GO:0005886	GO:0055085 // GO:0008643 // GO:0015753
TRANS-RXN0-496	YBDA-MONOMER	EG11104	TRANS-RXN0-496	REVERSIBLE	GO:0022857 // GO:0042931	GO:0005887 // GO:0016021 // GO:0016020 // GO:0005886	GO:0055085 // GO:0015891 // GO:0042930 // GO:0006974 // GO:0046677
RXN-21407	ABC-35-CPLX	EG12057 // EG12169 // EG12055	RXN-21407	PHYSIOL-LEFT-TO-RIGHT			
TRANS-RXN-122	GLTS-MONOMER	EG10406	TRANS-RXN-122	REVERSIBLE	GO:0015501 // GO:0015293	GO:0016020 // GO:0016021 // GO:0005886	GO:0055085 // GO:0006865 // GO:0006811 // GO:0006814 // GO:0015813
TRANS-RXN0-486 // RXN0-1923 // TRANS-RXN0-417 // TRANS-RXN0-495 // TRANS-RXN0-269 // TRANS-RXN0-512 // RXN0-1924 // TRANS-RXN0-480 // TRANS-RXN0-569 // RXN66-448 // TRANS-RXN0-537 // TRANS-RXN0-507 // TRANS-RXN0-514 // TRANS-RXN-267 // TRANS-RXN0-265	EG12713-MONOMER	EG12713	TRANS-RXN0-486 // RXN0-1923 // TRANS-RXN0-417 // TRANS-RXN0-495 // TRANS-RXN0-269 // TRANS-RXN0-512 // RXN0-1924 // TRANS-RXN0-480 // TRANS-RXN0-569 // RXN66-448 // TRANS-RXN0-537 // TRANS-RXN0-507 // TRANS-RXN0-514 // TRANS-RXN-267 // TRANS-RXN0-265	LEFT-TO-RIGHT // REVERSIBLE // RIGHT-TO-LEFT // PHYSIOL-LEFT-TO-RIGHT	GO:0015173 // GO:0015171	GO:0016021 // GO:0016020 // GO:0005886 // GO:0005887	GO:0015801 // GO:0006865 // GO:0032973
TRANS-RXN-81 // TRANS-RXN0-209	GNTP-MONOMER	EG12563	TRANS-RXN-81 // TRANS-RXN0-209	REVERSIBLE	GO:0005351 // GO:0015128	GO:0016021 // GO:0005887 // GO:0005886 // GO:0016020	GO:0034219 // GO:1902600 // GO:0008643 // GO:0046177 // GO:0019521 // GO:0035429
TRANS-RXN-10	ARAE-MONOMER	EG10056	TRANS-RXN-10	REVERSIBLE	GO:0022857 // GO:0015147 // GO:0015150 // GO:0015293	GO:0016021 // GO:0016020 // GO:0005886 // GO:0005887	GO:0008643 // GO:0055085 // GO:0042882 // GO:0015756
TRANS-RXN0-204 // TRANS-RXN0-203 // TRANS-RXN0-523	B2789-MONOMER	G7447	TRANS-RXN0-204 // TRANS-RXN0-203 // TRANS-RXN0-523	REVERSIBLE	GO:0022857 // GO:0015296	GO:0016021 // GO:0016020 // GO:0005886	GO:0015698 // GO:0055085 // GO:0019580 // GO:0042836
TRANS-RXN-23	KGTP-MONOMER	EG10522	TRANS-RXN-23	REVERSIBLE	GO:0022857 // GO:0015293 // GO:0015294	GO:0016021 // GO:0016020 // GO:0005886	GO:0034220 // GO:0098655 // GO:0055085
TRANS-RXN0-575 // TRANS-RXN0-574	MALX-MONOMER	EG10563	TRANS-RXN0-575 // TRANS-RXN0-574	LEFT-TO-RIGHT	GO:0090564 // GO:0090563 // GO:0005515 // GO:0016301 // GO:0016740 // GO:0008982 // GO:0005363 // GO:0055056	GO:0016021 // GO:0016020 // GO:0005887 // GO:0005886	GO:1904659 // GO:0009758 // GO:0016310 // GO:0008643 // GO:0009401 // GO:0015768 // GO:0046323
TRANS-RXN-86	G6255-MONOMER	G6255	TRANS-RXN-86	LEFT-TO-RIGHT	GO:0008381	GO:0016021 // GO:0016020 // GO:0005887 // GO:0005886	GO:0055085 // GO:0006813 // GO:0006811 // GO:0035864 // GO:0009992
TRANS-RXN0-468	EG11035-MONOMER	EG11035	TRANS-RXN0-468	LEFT-TO-RIGHT	GO:0015288 // GO:0005337 // GO:0015471	GO:0016021 // GO:0016020 // GO:0046930 // GO:0009279	GO:1901642 // GO:0055085 // GO:0006811 // GO:0015858 // GO:0046718
TRANS-RXN-285 // TRANS-RXN-330 // TRANS-RXN0-616 // TRANS-RXN-286	G6934-MONOMER	G6934	TRANS-RXN-285 // TRANS-RXN-330 // TRANS-RXN0-616 // TRANS-RXN-286	REVERSIBLE	GO:0022857 // GO:0015293 // GO:0000099 // GO:0005416 // GO:0015184	GO:0016021 // GO:0016020 // GO:0005886	GO:0003333 // GO:0055085 // GO:0006865 // GO:0000101 // GO:0006791 // GO:0015811
RXN-5076 // TRANS-RXN0-530	YGFU-MONOMER	G7507	RXN-5076 // TRANS-RXN0-530	REVERSIBLE	GO:0022857 // GO:0015293 // GO:0015143 // GO:0042907	GO:0016021 // GO:0016020 // GO:0005886 // GO:0005887	GO:0015851 // GO:0006811 // GO:0055085 // GO:0015747 // GO:0042906
TRANS-RXN0-418 // TRANS-RXN0-417	YHFM-MONOMER	EG12908	TRANS-RXN0-418 // TRANS-RXN0-417	LEFT-TO-RIGHT	GO:0022857 // GO:0015179	GO:0016021 // GO:0016020 // GO:0005886	GO:0015807 // GO:0055085 // GO:1902475 // GO:0006865 // GO:1901281
TRANS-RXN-341	YIDY-MONOMER	EG11720	TRANS-RXN-341	REVERSIBLE	GO:0042910 // GO:0022857 // GO:0015299	GO:0016021 // GO:0016020 // GO:0005887 // GO:0005886	GO:1990961 // GO:0046677 // GO:0055085
TRANS-RXN-114 // TRANS-RXN-279 // TRANS-RXN-278 // TRANS-RXN-277 // TRANS-RXN0-550 // TRANS-RXN-280	PITA-MONOMER	EG12230	TRANS-RXN-114 // TRANS-RXN-279 // TRANS-RXN-278 // TRANS-RXN-277 // TRANS-RXN0-550 // TRANS-RXN-280	REVERSIBLE // PHYSIOL-LEFT-TO-RIGHT	GO:0005515 // GO:0015654 // GO:1901683 // GO:0015295 // GO:0005385 // GO:0005315	GO:0016020 // GO:0016021 // GO:0005887 // GO:0005886	GO:1902600 // GO:0071577 // GO:0006817 // GO:0010960 // GO:0015710 // GO:1901684 // GO:0035435
TRANS-RXN0-200	B0752-MONOMER	G6393	TRANS-RXN0-200	LEFT-TO-RIGHT	GO:0008324 // GO:0005385	GO:0016021 // GO:0016020 // GO:0005886	GO:0055085 // GO:0006812 // GO:0071577 // GO:0006811 // GO:0006829
TRANS-RXN-424	FEOB-MONOMER	EG12102	TRANS-RXN-424	PHYSIOL-LEFT-TO-RIGHT	GO:0042802 // GO:0000166 // GO:0015093 // GO:0005525	GO:0016021 // GO:0016020 // GO:0005887 // GO:0005886	GO:0006826 // GO:0006811 // GO:0006974 // GO:0098711 // GO:0055072
TRANS-RXN0-596 // TRANS-RXN-273	B1791-MONOMER	G6977	TRANS-RXN0-596 // TRANS-RXN-273	LEFT-TO-RIGHT	GO:0022857	GO:0016021 // GO:0016020 // GO:0005887 // GO:0005886	GO:0046677 // GO:0055085
TRANS-RXN-76	TNAB-MONOMER	EG11006	TRANS-RXN-76	REVERSIBLE	GO:0015173 // GO:0015293	GO:0005887 // GO:0016021 // GO:0016020 // GO:0005886	GO:0006865 // GO:0015801 // GO:0006569 // GO:0003333
RXN-14455	G6260-MONOMER	G6260	RXN-14455	PHYSIOL-LEFT-TO-RIGHT	GO:0140581 // GO:0043682 // GO:0019829 // GO:0046872 // GO:0005524 // GO:0000166 // GO:0015080 // GO:0015662	GO:0005737 // GO:0016020 // GO:0016021 // GO:0005887 // GO:0005886	GO:0034220 // GO:0098655 // GO:0035434 // GO:0006812 // GO:0030001 // GO:0006811 // GO:0006825 // GO:1902601 // GO:0071292 // GO:0071280 // GO:0060003
TRANS-RXN0-586	EG10003-MONOMER	EG10003	TRANS-RXN0-586	REVERSIBLE	GO:0009675 // GO:0015116	GO:0016021 // GO:0016020 // GO:0005887 // GO:0005886	GO:1902600 // GO:0008272 // GO:0008652 // GO:1902358 // GO:0000103 // GO:0019344
TRANS-RXN-117	PANF-MONOMER	EG10685	TRANS-RXN-117	REVERSIBLE	GO:0022857 // GO:0015081 // GO:0015233 // GO:0015293	GO:0016021 // GO:0016020 // GO:0005886	GO:0036376 // GO:0055085 // GO:0006814 // GO:0006811 // GO:0015887
TRANS-RXN0-577	EG11691-MONOMER	EG11691	TRANS-RXN0-577	LEFT-TO-RIGHT	GO:0015205 // GO:0005345 // GO:0022857 // GO:0015207	GO:0016021 // GO:0016020 // GO:0005887 // GO:0005886	GO:1904823 // GO:0055085 // GO:0015853
TRANS-RXN0-213	MONOMER0-2798		TRANS-RXN0-213	LEFT-TO-RIGHT			
TRANS-RXN-272 // TRANS-RXN0-595	YEEO-MONOMER	G7070	TRANS-RXN-272 // TRANS-RXN0-595	LEFT-TO-RIGHT	GO:0042910 // GO:0015297 // GO:0071916 // GO:0044610 // GO:0015230	GO:0016021 // GO:0005887 // GO:0005886 // GO:0016020	GO:0042908 // GO:0015833 // GO:0015031 // GO:0055085 // GO:1901264 // GO:0035442 // GO:0035350
TRANS-RXN-127	YGJE-MONOMER	EG12393	TRANS-RXN-127	REVERSIBLE	GO:0022857 // GO:0015297	GO:0016021 // GO:0016020 // GO:0005886	GO:0055085
TRANS-RXN0-470	EG11919-MONOMER	EG11919	TRANS-RXN0-470	LEFT-TO-RIGHT	GO:0005436 // GO:0005315	GO:0016021 // GO:0016020 // GO:0005887 // GO:0005886	GO:0035725 // GO:0044341 // GO:0035435
TRANS-RXN-132 // TRANS-RXN-362 // RXN-5076	B1006-MONOMER	G6517	TRANS-RXN-132 // TRANS-RXN-362 // RXN-5076	REVERSIBLE	GO:0015218 // GO:0022857 // GO:0015293 // GO:0005350 // GO:0015505 // GO:0015210	GO:0016021 // GO:0016020 // GO:0005887 // GO:0005886	GO:0055085 // GO:0006864 // GO:1904082 // GO:0098721 // GO:0006212
TRANS-RXN-113	KDGT-MONOMER	EG11869	TRANS-RXN-113	REVERSIBLE	GO:0005351 // GO:0015293 // GO:0015649	GO:0016020 // GO:0005886 // GO:0016021	GO:1902600 // GO:0008643 // GO:0046411 // GO:0035429
TRANS-RXN-76 // TRANS-RXN-142	MTR-MONOMER	EG10617	TRANS-RXN-76 // TRANS-RXN-142	REVERSIBLE	GO:0015173 // GO:0005300 // GO:0015293 // GO:0022804	GO:0016021 // GO:0016020 // GO:0005887 // GO:0005886	GO:0015801 // GO:0006865 // GO:0015827 // GO:0003333
RXN-15314	NANT-MONOMER	G436	RXN-15314	REVERSIBLE	GO:0015538	GO:0016021 // GO:0016020 // GO:0005887 // GO:0005886	GO:0015739
TRANS-RXN-3	TRKG-MONOMER	EG11020	TRANS-RXN-3	REVERSIBLE	GO:0015379 // GO:0046872 // GO:0008324 // GO:0030955 // GO:0005267 // GO:0015079	GO:0016021 // GO:0016020 // GO:0005887 // GO:0005886	GO:0006813 // GO:0055085 // GO:0006812 // GO:0006811 // GO:0071805
TRANS-RXN-342 // TRANS-RXN0-589	YCEE-MONOMER	EG11343	TRANS-RXN-342 // TRANS-RXN0-589	REVERSIBLE	GO:0022857 // GO:0015299	GO:0016021 // GO:0016020 // GO:0005887 // GO:0005886	GO:0055085 // GO:0046677 // GO:1990961 // GO:1901562
TRANS-RXN0-481	PNUC-MONOMER	EG11700	TRANS-RXN0-481	LEFT-TO-RIGHT	GO:0034257	GO:0016021 // GO:0016020 // GO:0005887 // GO:0005886	GO:0034258
TRANS-RXN0-507 // TRANS-RXN0-514 // TRANS-RXN-267	EG11902-MONOMER	EG11902	TRANS-RXN0-507 // TRANS-RXN0-514 // TRANS-RXN-267	LEFT-TO-RIGHT // PHYSIOL-LEFT-TO-RIGHT	GO:0000099 // GO:0022857	GO:0016021 // GO:0016020 // GO:0005887 // GO:0005886	GO:0003333 // GO:0000101 // GO:0055085
RXN-22553	EG11293-MONOMER	EG11293	RXN-22553	PHYSIOL-LEFT-TO-RIGHT	GO:0005515	GO:0009279 // GO:0016020 // GO:0036406 // GO:0030288	GO:0015031 // GO:0044874 // GO:0042157
TRANS-RXN-82	B2170-MONOMER	EG12034	TRANS-RXN-82	REVERSIBLE	GO:0022857 // GO:0005351	GO:0016021 // GO:0016020 // GO:0005886	GO:1904659 // GO:1902600 // GO:0036448 // GO:0008643 // GO:0055085 // GO:0015767 // GO:0007059 // GO:0034219
TRANS-RXN-1	FOCB-MONOMER	G7309	TRANS-RXN-1	REVERSIBLE	GO:0015499 // GO:0022857	GO:0016021 // GO:0016020 // GO:0005887 // GO:0005886	GO:0055085 // GO:0019664 // GO:0015724
TRANS-RXN-68 // TRANS-RXN0-212	CADB-MONOMER	EG10132	TRANS-RXN-68 // TRANS-RXN0-212	REVERSIBLE	GO:0022857 // GO:0015297 // GO:0015295 // GO:0043872	GO:0016021 // GO:0005887 // GO:0005886 // GO:0016020	GO:0055085 // GO:1902600 // GO:0006865 // GO:1990451 // GO:1903401 // GO:0015839
TRANS-RXN-300 // TRANS-RXN-106 // TRANS-RXN-299	DCUC-MONOMER	G6347	TRANS-RXN-300 // TRANS-RXN-106 // TRANS-RXN-299	REVERSIBLE	GO:0015556 // GO:0005469	GO:0016021 // GO:0016020 // GO:0005887 // GO:0005886	GO:0071422 // GO:0015741 // GO:0015740 // GO:0019664
RXN-9644 // PROPIONATE--COA-LIGASE-RXN // ACYLCOASYN-RXN // TRANS-RXN0-623 // RXN0-7238 // RXN0-7239 // RXN0-7248	EG12357-MONOMER	EG12357	RXN-9644 // PROPIONATE--COA-LIGASE-RXN // ACYLCOASYN-RXN // TRANS-RXN0-623 // RXN0-7238 // RXN0-7239 // RXN0-7248	PHYSIOL-LEFT-TO-RIGHT	GO:0016874 // GO:0005524 // GO:0000166 // GO:0031956	GO:0005886 // GO:0016020 // GO:0005829	GO:0006635 // GO:0006631 // GO:0006629 // GO:0019395
TRANS-RXN-40	YDEA-MONOMER	EG11636	TRANS-RXN-40	REVERSIBLE	GO:0022857 // GO:0015144	GO:0016021 // GO:0016020 // GO:0005886	GO:0034219 // GO:0055085 // GO:0008643
TRANS-RXN0-538	YEIM-MONOMER	EG12032	TRANS-RXN0-538	REVERSIBLE	GO:0015293 // GO:0005337	GO:0005887 // GO:0016021 // GO:0016020 // GO:0005886	GO:1901642
TRANS-RXN0-486	B0260-MONOMER	G6135	TRANS-RXN0-486	LEFT-TO-RIGHT	GO:0015171 // GO:0000100	GO:0016021 // GO:0016020 // GO:0005887 // GO:0005886	GO:0055085 // GO:0003333 // GO:0006865 // GO:0015806 // GO:0009086
RXN0-2522	HRSA-MONOMER	EG13235	RXN0-2522	PHYSIOL-LEFT-TO-RIGHT	GO:0022877 // GO:0016740 // GO:0016301 // GO:0008982 // GO:0005515 // GO:0005351 // GO:0090563 // GO:0090581	GO:0016021 // GO:0016020 // GO:0005887 // GO:0005886	GO:1902600 // GO:0034219 // GO:0016310 // GO:0015755 // GO:0008643 // GO:0051476 // GO:0009401
TRANS-RXN-20 // RXN0-7221 // RXN0-7222	FUCP-MONOMER	EG10352	TRANS-RXN-20 // RXN0-7221 // RXN0-7222	LEFT-TO-RIGHT // REVERSIBLE	GO:0022857 // GO:0015293 // GO:0015150 // GO:0015518 // GO:0015517 // GO:0015535 // GO:0009679	GO:0016020 // GO:0005886 // GO:0016021	GO:0008643 // GO:0055085 // GO:0006004 // GO:0005975 // GO:0015755 // GO:0015756 // GO:0015757 // GO:0015751
TRANS-RXN-42 // TRANS-RXN-101 // TRANS-RXN-44 // TRANS-RXN-338 // TRANS-RXN-337	CMR-MONOMER	G6440	TRANS-RXN-42 // TRANS-RXN-101 // TRANS-RXN-44 // TRANS-RXN-338 // TRANS-RXN-337	REVERSIBLE // LEFT-TO-RIGHT	GO:0042910 // GO:0022857 // GO:0015299 // GO:0015386 // GO:0015385	GO:0016021 // GO:0016020 // GO:0005887 // GO:0005886	GO:0098656 // GO:0071805 // GO:0035725 // GO:0055085 // GO:1990961 // GO:0030641 // GO:0046677
TRANS-RXN-94 // RXN-17755 // TRANS-RXN-94B // TRANS-RXN-94A // TRANS-RXN0-520 // TRANS-RXN0-519	MELB-MONOMER	EG10578	TRANS-RXN-94 // RXN-17755 // TRANS-RXN-94B // TRANS-RXN-94A // TRANS-RXN0-520 // TRANS-RXN0-519	REVERSIBLE	GO:0022857 // GO:0015293 // GO:0005515 // GO:0015592 // GO:0043887 // GO:0015486 // GO:0015487	GO:0016021 // GO:0016020 // GO:0005886 // GO:0005887	GO:0071702 // GO:0055085 // GO:0035725 // GO:0034219 // GO:0008643 // GO:0006814 // GO:0015769 // GO:0015765
TRANS-RXN-261	XASA-MONOMER	G6786	TRANS-RXN-261	REVERSIBLE	GO:0022857 // GO:0015297	GO:0016021 // GO:0016020 // GO:0005886	GO:0055085 // GO:0006865 // GO:0051454
TRANS-RXN-335	G7942-MONOMER	G7942	TRANS-RXN-335	REVERSIBLE	GO:0015293 // GO:0042802 // GO:0005515 // GO:0005477	GO:0016021 // GO:0016020 // GO:0005887 // GO:0005886	GO:0006974 // GO:0006849 // GO:0031669 // GO:0009267
RXN0-1802	EG10280-MONOMER	EG10280	RXN0-1802	LEFT-TO-RIGHT	GO:0022834 // GO:0015483	GO:0016021 // GO:0016020 // GO:0009279	GO:0015908 // GO:0055085 // GO:0006869 // GO:0015909
TRANS-RXN-122A // TRANS-RXN-162	GLTP-MONOMER	EG10405	TRANS-RXN-122A // TRANS-RXN-162	REVERSIBLE	GO:0022857 // GO:0005280 // GO:0015293	GO:0016020 // GO:0016021 // GO:0005886	GO:0003333 // GO:1902600 // GO:0055085 // GO:0006865 // GO:0006835
RXN0-22 // RXN0-18	YICM-MONOMER	EG11689	RXN0-22 // RXN0-18	REVERSIBLE	GO:0022857 // GO:0015211	GO:0016021 // GO:0016020 // GO:0005886	GO:0055085 // GO:0015860
TRANS-RXN0-569	G6458-MONOMER	G6458	TRANS-RXN0-569	LEFT-TO-RIGHT	GO:0015661	GO:0016021 // GO:0016020 // GO:0005887 // GO:0005886	GO:0006865 // GO:1903401
TRANS-RXN-69 // TRANS-RXN0-211	POTE-MONOMER	EG10753	TRANS-RXN-69 // TRANS-RXN0-211	REVERSIBLE	GO:0022857 // GO:0015489 // GO:0015297 // GO:0015496 // GO:0015293	GO:0016021 // GO:0016020 // GO:0005887 // GO:0005886	GO:0055085 // GO:0015822 // GO:1903352 // GO:0006865 // GO:0015847
TRANS-RXN0-258 // TRANS-RXN0-226	AMPG-MONOMER	EG12183	TRANS-RXN0-258 // TRANS-RXN0-226	REVERSIBLE	GO:0022857 // GO:0015293 // GO:0015295	GO:0016021 // GO:0016020 // GO:0005886	GO:1902600 // GO:0071555 // GO:0055085 // GO:0015835 // GO:0000270
TRANS-RXN0-0244	RHTC-MONOMER	EG11468	TRANS-RXN0-0244	REVERSIBLE	GO:0015171 // GO:0015291 // GO:0015565	GO:0016021 // GO:0016020 // GO:0005887 // GO:0005886	GO:0003333 // GO:0006865 // GO:0015826
TRANS-RXN-71	SDAC-MONOMER	EG12142	TRANS-RXN-71	REVERSIBLE	GO:0015171 // GO:0015194	GO:0016021 // GO:0016020 // GO:0005886 // GO:0005887	GO:0006865 // GO:0003333 // GO:0015825
TRANS-RXN-62A // RXN0-5130 // TRANS-RXN-62B // RXN0-5202 // RXN0-5201 // RXN0-5203	CYCA-MONOMER	EG12504	TRANS-RXN-62A // RXN0-5130 // TRANS-RXN-62B // RXN0-5202 // RXN0-5201 // RXN0-5203	REVERSIBLE	GO:0042945 // GO:0042944 // GO:0015180 // GO:0001761 // GO:0015187	GO:0016021 // GO:0016020 // GO:0005887 // GO:0005886	GO:0055085 // GO:0006865 // GO:0042941 // GO:0015808 // GO:0001762 // GO:0015816 // GO:0042942
TRANS-RXN-71 // TRANS-RXN-72	TDCC-MONOMER	EG10991	TRANS-RXN-71 // TRANS-RXN-72	REVERSIBLE	GO:0015171 // GO:0022889 // GO:0015293 // GO:0015565 // GO:0015194 // GO:0015195 // GO:0015295	GO:0016020 // GO:0005887 // GO:0005886 // GO:0016021	GO:1902600 // GO:0032329 // GO:0006865 // GO:0003333 // GO:0015825 // GO:0015826
TRANS-RXN-137 // TRANS-RXN0-239	NARK-MONOMER	EG10642	TRANS-RXN-137 // TRANS-RXN0-239	LEFT-TO-RIGHT // PHYSIOL-LEFT-TO-RIGHT	GO:0022857 // GO:0015113 // GO:0015112 // GO:0005452 // GO:0015513 // GO:0015514	GO:0016021 // GO:0016020 // GO:0005887 // GO:0005886	GO:0055085 // GO:0042128 // GO:0015706 // GO:0015707
RXN0-2561 // TRANS-RXN-347 // TRANS-RXN-348 // TRANS-RXN-349	YDHE-MONOMER	EG12400	RXN0-2561 // TRANS-RXN-347 // TRANS-RXN-348 // TRANS-RXN-349	REVERSIBLE	GO:0022857 // GO:0015297 // GO:0015298 // GO:0042910 // GO:0071916	GO:0016021 // GO:0016020 // GO:0005887 // GO:0005886	GO:0098655 // GO:0006855 // GO:0015833 // GO:0015031 // GO:0055085 // GO:0006814 // GO:0006811 // GO:0042908 // GO:1990961 // GO:0035442 // GO:0034614 // GO:0046677
RXN-5076	YGFO-MONOMER	G7501	RXN-5076	REVERSIBLE	GO:0022857 // GO:0042907	GO:0016021 // GO:0016020 // GO:0005886 // GO:0005887	GO:0055085 // GO:0042906
TRANS-RXN0-562 // TRANS-RXN0-578	G7504-MONOMER	G7503	TRANS-RXN0-562 // TRANS-RXN0-578	RIGHT-TO-LEFT // LEFT-TO-RIGHT	GO:0022857 // GO:0005345 // GO:0015208	GO:0016021 // GO:0005887 // GO:0005886 // GO:0016020	GO:0055085 // GO:0098710 // GO:0035344
TRANS-RXN-16	YIDT-MONOMER	EG20053	TRANS-RXN-16	REVERSIBLE	GO:0022857 // GO:0015295 // GO:0042881	GO:0016021 // GO:0016020 // GO:0005887 // GO:0005886	GO:1902600 // GO:0055085 // GO:0042875 // GO:0034194
TRANS-RXN0-267 // TRANS-RXN0-288	YJDL-MONOMER	EG12469	TRANS-RXN0-267 // TRANS-RXN0-288	REVERSIBLE	GO:1904680 // GO:0022857 // GO:0015293 // GO:0071916 // GO:0015078 // GO:0042937 // GO:0015333	GO:0016021 // GO:0016020 // GO:0005886 // GO:0005887	GO:0055085 // GO:0015833 // GO:0006857 // GO:0015031 // GO:1902600 // GO:0035442 // GO:0035443
RXN0-2501	YNFJ-MONOMER	G6850	RXN0-2501	REVERSIBLE	GO:0005247 // GO:0005244 // GO:0005254	GO:0034707 // GO:0016021 // GO:0016020 // GO:0005887 // GO:0005886	GO:0055085 // GO:0010447 // GO:0034765 // GO:0006821 // GO:0006811 // GO:0071468 // GO:1902476
TRANS-RXN0-209	GNTU-MONOMER	EG12631	TRANS-RXN0-209	REVERSIBLE	GO:0005402 // GO:0015128	GO:0016021 // GO:0016020 // GO:0005887 // GO:0005886	GO:0034219 // GO:0008643 // GO:0019521 // GO:0035429
TRANS-RXN-123 // TRANS-RXN-35	EXUT-MONOMER	EG12738	TRANS-RXN-123 // TRANS-RXN-35	REVERSIBLE	GO:0022857 // GO:0015134	GO:0016021 // GO:0016020 // GO:0005887 // GO:0005886	GO:0015778 // GO:0055085 // GO:0015736
TRANS-RXN0-288	B0709-MONOMER	G6378	TRANS-RXN0-288	REVERSIBLE	GO:1904680 // GO:0042937 // GO:0022857 // GO:0015333 // GO:0071916	GO:0016021 // GO:0016020 // GO:0005887 // GO:0005886	GO:1902600 // GO:0042939 // GO:0042938 // GO:0055085 // GO:0015833 // GO:0006857 // GO:0015031 // GO:0035442
TRANS-RXN-105 // TRANS-RXN-104 // TRANS-RXN0-515 // TRANS-RXN0-622	B2975-MONOMER	G7542	TRANS-RXN-105 // TRANS-RXN-104 // TRANS-RXN0-515 // TRANS-RXN0-622	REVERSIBLE // LEFT-TO-RIGHT	GO:0015295 // GO:0043879 // GO:0015129	GO:0016021 // GO:0016020 // GO:0005887 // GO:0005886	GO:1902600 // GO:0015727 // GO:0035873
TRANS-RXN-116	CODB-MONOMER	EG11327	TRANS-RXN-116	LEFT-TO-RIGHT	GO:0022857 // GO:0015209 // GO:0015295	GO:0016021 // GO:0005887 // GO:0005886 // GO:0016020	GO:1902600 // GO:0055085 // GO:0019858 // GO:0015856
TRANS-RXN0-539	TEHA-MONOMER	EG11883	TRANS-RXN0-539	LEFT-TO-RIGHT	GO:0042802 // GO:0046583	GO:0016021 // GO:0016020 // GO:0005887 // GO:0005886	GO:0098655 // GO:0006811 // GO:0046677 // GO:0006812 // GO:0055085 // GO:0046690
TRANS-RXN-412	EG12217-MONOMER	EG12217	TRANS-RXN-412	PHYSIOL-LEFT-TO-RIGHT	GO:0022857	GO:0005887 // GO:0016021 // GO:0016020 // GO:0005886	GO:0055085 // GO:0072531 // GO:1990397
TRANS-RXN-137	NIRC-MONOMER	EG10654	TRANS-RXN-137	LEFT-TO-RIGHT	GO:0015499 // GO:0022857 // GO:0015513	GO:0005887 // GO:0016021 // GO:0016020 // GO:0005886	GO:0015724 // GO:0055085 // GO:0042128 // GO:0015707
TRANS-RXN0-495	DSDX-MONOMER	EG10250	TRANS-RXN0-495	LEFT-TO-RIGHT	GO:0015128 // GO:0042945	GO:0016021 // GO:0016020 // GO:0005886 // GO:0005887	GO:0006865 // GO:0035429 // GO:0006974 // GO:0042942
TRANS-RXN0-205	MONOMER0-2797		TRANS-RXN0-205	LEFT-TO-RIGHT			
TRANS-RXN-69	YEEF-MONOMER	EG11896	TRANS-RXN-69	REVERSIBLE	GO:0022857 // GO:0015489 // GO:0015295	GO:0016021 // GO:0016020 // GO:0005887 // GO:0005886	GO:0055085 // GO:1902600 // GO:0006865 // GO:0015847 // GO:0048870
TRANS-RXN-21 // RXN0-7077	GALP-MONOMER	EG12148	TRANS-RXN-21 // RXN0-7077	REVERSIBLE // PHYSIOL-LEFT-TO-RIGHT	GO:0022857 // GO:0015293 // GO:0015517	GO:0016021 // GO:0016020 // GO:0005886	GO:0008643 // GO:0055085 // GO:0015757
RXN0-5205 // 3.6.3.3-RXN // TRANS-RXN-452	YHHO-MONOMER	EG12215	RXN0-5205 // 3.6.3.3-RXN // TRANS-RXN-452	PHYSIOL-LEFT-TO-RIGHT	GO:0015086 // GO:0005385 // GO:0019829 // GO:0046872 // GO:0005524 // GO:0000166 // GO:0016887 // GO:0015094 // GO:0008551 // GO:0016463	GO:0005887 // GO:0016020 // GO:0005886 // GO:0016021	GO:0006812 // GO:0030001 // GO:0006811 // GO:0006829 // GO:0010312 // GO:0035444 // GO:0006882 // GO:0010043 // GO:0010288 // GO:0098655 // GO:0071577 // GO:0070574 // GO:0046686 // GO:0015692
TRANS-RXN0-452	ABGT-MONOMER	EG12853	TRANS-RXN0-452	REVERSIBLE	GO:0015291 // GO:0015558	GO:0016020 // GO:0005886 // GO:0016021	GO:1902604 // GO:0006865 // GO:0015814
TRANS-RXN-14	CYNX-MONOMER	EG10177	TRANS-RXN-14	LEFT-TO-RIGHT	GO:0022857	GO:0016020 // GO:0005886 // GO:0016021	GO:0055085 // GO:0009440
TRANS-RXN-300 // TRANS-RXN-299 // TRANS-RXN0-517 // TRANS-RXN0-451 // TRANS-RXN-122A // TRANS-RXN-121C // TRANS-RXN0-553 // TRANS-RXN-121A // TRANS-RXN-121	DCTA-MONOMER	EG20044	TRANS-RXN-300 // TRANS-RXN-299 // TRANS-RXN0-517 // TRANS-RXN0-451 // TRANS-RXN-122A // TRANS-RXN-121C // TRANS-RXN0-553 // TRANS-RXN-121A // TRANS-RXN-121	REVERSIBLE	GO:0022857 // GO:0015293 // GO:0005515 // GO:0015366 // GO:0015141 // GO:0015138 // GO:0015183	GO:0016020 // GO:0005887 // GO:0005886 // GO:0016021	GO:0071423 // GO:0071422 // GO:0006835 // GO:0006974 // GO:0070778 // GO:0015741
RXN0-1924 // RXN0-1923	EG11639-MONOMER	EG11639	RXN0-1924 // RXN0-1923	LEFT-TO-RIGHT	GO:0015562	GO:0016021 // GO:0016020 // GO:0005887 // GO:0005886	GO:0006865 // GO:0070301 // GO:0033228
TRANS-RXN0-447	EG11724-MONOMER	EG11724	TRANS-RXN0-447	REVERSIBLE	GO:0015205 // GO:0005345 // GO:0022857 // GO:0015207 // GO:0015295	GO:0016021 // GO:0016020 // GO:0005887 // GO:0005886	GO:1904823 // GO:1902600 // GO:0055085 // GO:0015853
RXN0-4083	YGJU-MONOMER	EG12732	RXN0-4083	REVERSIBLE	GO:0022857 // GO:0015171 // GO:0015293 // GO:0015175 // GO:0005295	GO:0016020 // GO:0016021 // GO:0005886	GO:0003333 // GO:0055085 // GO:0006865 // GO:0015826 // GO:0032329
TRANS-RXN0-487	G6999-MONOMER	G6999	TRANS-RXN0-487	LEFT-TO-RIGHT	GO:0005384	GO:0016021 // GO:0016020 // GO:0005887 // GO:0005886	GO:0006811 // GO:0071421 // GO:0010042
TRANS-RXN0-267 // TRANS-RXN0-288	YHIP-MONOMER	EG12232	TRANS-RXN0-267 // TRANS-RXN0-288	REVERSIBLE	GO:1904680 // GO:0022857 // GO:0015078 // GO:0071916 // GO:0015333 // GO:0042937	GO:0016020 // GO:0016021 // GO:0005887 // GO:0005886	GO:0042939 // GO:0042938 // GO:0055085 // GO:0015833 // GO:0006857 // GO:0015031 // GO:1902600 // GO:0035442 // GO:0035443
TRANS-RXN-415	YJHB-MONOMER	EG12544	TRANS-RXN-415	REVERSIBLE	GO:0022857 // GO:0046943	GO:0016021 // GO:0016020 // GO:0005886	GO:0046942 // GO:0055085 // GO:1905039
TRANS-RXN-76 // TRANS-RXN-77 // TRANS-RXN-56	AROP-MONOMER	EG10084	TRANS-RXN-76 // TRANS-RXN-77 // TRANS-RXN-56	REVERSIBLE	GO:0015192 // GO:0015196 // GO:0005302	GO:0016021 // GO:0016020 // GO:0005886 // GO:0005887	GO:0055085 // GO:0006865 // GO:0015823 // GO:0015827 // GO:0015828
TRANS-RXN0-562 // TRANS-RXN0-578	EG11939-MONOMER	EG11939	TRANS-RXN0-562 // TRANS-RXN0-578	RIGHT-TO-LEFT // LEFT-TO-RIGHT	GO:0022857 // GO:0015208 // GO:0005345	GO:0016021 // GO:0016020 // GO:0005887 // GO:0005886	GO:0055085 // GO:0098710 // GO:0035344 // GO:0006863
TRANS-RXN0-282	HCAT-MONOMER	G7330	TRANS-RXN0-282	LEFT-TO-RIGHT	GO:0030395 // GO:0015528 // GO:0015293	GO:0005887 // GO:0016021 // GO:0016020 // GO:0005886	GO:0071702 // GO:0015767 // GO:0055085
TRANS-RXN-69	B1296-MONOMER	G6643	TRANS-RXN-69	REVERSIBLE	GO:0015295 // GO:0015489	GO:0016020 // GO:0016021 // GO:0005886	GO:0055085 // GO:1902600 // GO:0006974 // GO:0006865 // GO:0015847 // GO:0009447
TRANS-RXN0-275	G6531-MONOMER	G6531	TRANS-RXN0-275	LEFT-TO-RIGHT	GO:1901515 // GO:0015159	GO:0016021 // GO:0016020 // GO:0045203 // GO:0009279	GO:0098656 // GO:0044010 // GO:0015774
TRANS-RXN-118 // TRANS-RXN0-505	PUTP-MONOMER	EG10802	TRANS-RXN-118 // TRANS-RXN0-505	REVERSIBLE // LEFT-TO-RIGHT	GO:0022857 // GO:0015293 // GO:0031402 // GO:0005298	GO:0016021 // GO:0016020 // GO:0005886 // GO:0005887	GO:0035524 // GO:0006865 // GO:0055085 // GO:0006814 // GO:0006811 // GO:0015912 // GO:0015824
TRANS-RXN-340 // TRANS-RXN-44	BCR-MONOMER	EG11419	TRANS-RXN-340 // TRANS-RXN-44	REVERSIBLE	GO:0022857 // GO:0042910 // GO:0015299 // GO:0033229 // GO:0071916	GO:0016021 // GO:0016020 // GO:0005887 // GO:0005886	GO:0042908 // GO:0015833 // GO:0015031 // GO:0055085 // GO:0046677 // GO:1990961 // GO:0033228 // GO:0035442
TRANS-RXN0-587 // RXN0-17	MONOMER0-5	G7264	TRANS-RXN0-587 // RXN0-17	LEFT-TO-RIGHT // PHYSIOL-LEFT-TO-RIGHT	GO:0090563 // GO:0016301 // GO:0016740 // GO:0008982 // GO:0090588	GO:0016021 // GO:0005887 // GO:0005886 // GO:0016020	GO:0016310 // GO:0008643 // GO:0034219 // GO:0009401
TRANS-RXN-242 // TRANS-RXN0-0244	EG12134-MONOMER	EG12134	TRANS-RXN-242 // TRANS-RXN0-0244	REVERSIBLE	GO:0042970 // GO:0015291 // GO:0015565	GO:0016021 // GO:0016020 // GO:0005887 // GO:0005886	GO:0055085 // GO:0006865 // GO:0042968 // GO:0015826
TRANS-RXN-106 // TRANS-RXN-106B // TRANS-RXN-106A // TRANS-RXN-299 // TRANS-RXN0-499	DCUB-MONOMER	EG10006	TRANS-RXN-106 // TRANS-RXN-106B // TRANS-RXN-106A // TRANS-RXN-299 // TRANS-RXN0-499	REVERSIBLE	GO:0005515 // GO:0005469 // GO:0015556	GO:0016021 // GO:0016020 // GO:0005887 // GO:0005886	GO:0071422 // GO:0015741 // GO:0009061 // GO:0015740
TRANS-RXN-130	NHAB-MONOMER	EG11392	TRANS-RXN-130	REVERSIBLE	GO:0015297 // GO:0015081 // GO:0015385	GO:0016020 // GO:0016021 // GO:0005887 // GO:0005886	GO:0035725 // GO:0010226 // GO:0006814 // GO:0006811
TRANS-RXN0-281	EG11671-MONOMER	EG11671	TRANS-RXN0-281	LEFT-TO-RIGHT		GO:0016021 // GO:0016020 // GO:0005886	
RXN0-1924 // RXN0-1923	EG12445-MONOMER	EG12445	RXN0-1924 // RXN0-1923	LEFT-TO-RIGHT	GO:0015171 // GO:0015562	GO:0016021 // GO:0016020 // GO:0005887 // GO:0005886	GO:0006865 // GO:0033228
RXN0-16 // RXN0-14 // RXN0-12 // RXN0-10 // TRANS-RXN-8 // TRANS-RXN-141A	EG11167-MONOMER	EG11167	RXN0-16 // RXN0-14 // RXN0-12 // RXN0-10 // TRANS-RXN-8 // TRANS-RXN-141A	LEFT-TO-RIGHT	GO:0005385 // GO:0046873 // GO:0015086 // GO:0015093 // GO:0005375 // GO:0015087 // GO:0005384	GO:0016020 // GO:0016021 // GO:0005886	GO:0071577 // GO:0035434 // GO:0034755 // GO:0071421 // GO:0055085 // GO:0030001 // GO:0006811 // GO:0006829 // GO:0006824 // GO:0070574
TRANS-RXN-22	GLPT-MONOMER	EG10401	TRANS-RXN-22	REVERSIBLE	GO:0022857 // GO:0015169 // GO:0015527 // GO:0015315	GO:0016021 // GO:0016020 // GO:0005886	GO:0035435 // GO:0055085 // GO:0006071 // GO:0015794 // GO:0015793
TRANS-RXN0-227	YJIZ-MONOMER	EG12587	TRANS-RXN0-227	REVERSIBLE	GO:0022857	GO:0016021 // GO:0016020 // GO:0005886	GO:0008643 // GO:0055085 // GO:0042873
TRANS-RXN-82	B0070-MONOMER	EG11754	TRANS-RXN-82	REVERSIBLE	GO:0022857 // GO:0005351	GO:0016020 // GO:0016021 // GO:0005887 // GO:0005886	GO:1904659 // GO:1902600 // GO:0008643 // GO:0055085 // GO:0015767 // GO:0034219 // GO:0036448
TRANS-RXN-42 // TRANS-RXN-101	CHAA-MONOMER	EG11753	TRANS-RXN-42 // TRANS-RXN-101	REVERSIBLE // LEFT-TO-RIGHT	GO:0015297 // GO:0008324 // GO:0015386 // GO:0015385	GO:0016021 // GO:0016020 // GO:0005886 // GO:0005887	GO:0098656 // GO:0098655 // GO:0071805 // GO:0055085 // GO:0035725 // GO:0030007 // GO:0006883 // GO:0006812 // GO:0006811 // GO:0010446
RXN0-2542	G6657-MONOMER	G6657	RXN0-2542	LEFT-TO-RIGHT	GO:0015288 // GO:0015478 // GO:0015481	GO:0016021 // GO:0016020 // GO:0046930 // GO:0009279 // GO:0045203	GO:0015772 // GO:0015768 // GO:0006811 // GO:0034219
RXN0-2481	G6700-MONOMER	G6700	RXN0-2481	REVERSIBLE	GO:0015288	GO:0046930 // GO:0016021 // GO:0016020 // GO:0009279	GO:0034220 // GO:0006811 // GO:0034219
TRANS-RXN-98	UIDB-MONOMER	EG11658	TRANS-RXN-98	REVERSIBLE	GO:0022857 // GO:0015293	GO:0005887 // GO:0016021 // GO:0016020 // GO:0005886	GO:0071702 // GO:0055085 // GO:0008643 // GO:0006814
TRANS-RXN-31	XAPB-MONOMER	EG13159	TRANS-RXN-31	REVERSIBLE	GO:0022857 // GO:0015213 // GO:0015212 // GO:0005337 // GO:0015553	GO:0005887 // GO:0016021 // GO:0016020 // GO:0005886	GO:0071702 // GO:0055085 // GO:0015862 // GO:0015861 // GO:1901642 // GO:0015863 // GO:0015858 // GO:0055086
TRANS-RXN-335	EG10167-MONOMER	EG10167	TRANS-RXN-335	REVERSIBLE	GO:0005477	GO:0005887 // GO:0016021 // GO:0016020 // GO:0005886	GO:0006849 // GO:0031669 // GO:0015833 // GO:0015031 // GO:0009267
TRANS-RXN-121 // TRANS-RXN-122A // TRANS-RXN0-553	YCHM-MONOMER	EG12392	TRANS-RXN-121 // TRANS-RXN-122A // TRANS-RXN0-553	REVERSIBLE	GO:0015116 // GO:0008271 // GO:0015183 // GO:0015141 // GO:0015138	GO:0016021 // GO:0016020 // GO:0005887 // GO:0005886	GO:0070778 // GO:1902358 // GO:0055085 // GO:0008272 // GO:0015810 // GO:0071422 // GO:0015741
TRANS-RXN-57 // TRANS-RXN-384	GABP-MONOMER	EG11330	TRANS-RXN-57 // TRANS-RXN-384	REVERSIBLE	GO:0015291 // GO:0015185	GO:0016020 // GO:0005886 // GO:0016021	GO:0055085 // GO:0009450 // GO:0006974 // GO:0006865 // GO:0006995 // GO:0090549 // GO:0015812
RXN-22217	G7097-MONOMER	G7097	RXN-22217	PHYSIOL-LEFT-TO-RIGHT		GO:0016021 // GO:0016020 // GO:0005887 // GO:0005886	GO:0009103 // GO:0009242
TRANS-RXN0-288 // TRANS-RXN0-267	B1634-MONOMER	G6877	TRANS-RXN0-288 // TRANS-RXN0-267	REVERSIBLE	GO:1904680 // GO:0022857 // GO:0015078 // GO:0071916 // GO:0015333 // GO:0042937	GO:0016020 // GO:0016021 // GO:0005887 // GO:0005886	GO:0042939 // GO:0042938 // GO:0055085 // GO:0015833 // GO:0015031 // GO:0006857 // GO:1902600 // GO:0035443 // GO:0035442
TRANS-RXN0-286	G6561-MONOMER	G6561	TRANS-RXN0-286	PHYSIOL-LEFT-TO-RIGHT	GO:1901612 // GO:0015648	GO:0016021 // GO:0016020 // GO:0000935 // GO:0005887 // GO:0005886	GO:0034204 // GO:0034203 // GO:0071555 // GO:0008360 // GO:0015836 // GO:0009252
TRANS-RXN-242 // TRANS-RXN-242A // TRANS-RXN0-0244	RHTB-MONOMER	EG11469	TRANS-RXN-242 // TRANS-RXN-242A // TRANS-RXN0-0244	REVERSIBLE	GO:0015171 // GO:0015291 // GO:0015565 // GO:0042970	GO:0016020 // GO:0005887 // GO:0005886 // GO:0016021	GO:0003333 // GO:0006865 // GO:0015826 // GO:0042968
TRANS-RXN-99	BETT-MONOMER	EG10112	TRANS-RXN-99	REVERSIBLE	GO:0022857 // GO:0015220	GO:0016021 // GO:0016020 // GO:0005887 // GO:0005886	GO:0071705 // GO:0055085 // GO:0019285 // GO:0006974 // GO:0015871
TRANS-RXN-108A // TRANS-RXN-108B // TRANS-RXN-108H // TRANS-RXN-474 // TRANS-RXN-108C // TRANS-RXN-108I // TRANS-RXN-475 // TRANS-RXN-108G // TRANS-RXN-108D // TRANS-RXN-108E // TRANS-RXN-476	NUPG-MONOMER	EG10664	TRANS-RXN-108A // TRANS-RXN-108B // TRANS-RXN-108H // TRANS-RXN-474 // TRANS-RXN-108C // TRANS-RXN-108I // TRANS-RXN-475 // TRANS-RXN-108G // TRANS-RXN-108D // TRANS-RXN-108E // TRANS-RXN-476	REVERSIBLE	GO:0015506	GO:0016021 // GO:0016020 // GO:0005887 // GO:0005886	GO:1901642
TRANS-RXN0-469	G7399-MONOMER	G7399	TRANS-RXN0-469	REVERSIBLE	GO:0015299 // GO:0034639	GO:0016020 // GO:0016021 // GO:0005887 // GO:0005886	GO:1902600 // GO:1902475 // GO:0006865 // GO:0015808 // GO:0032973 // GO:0033554
TRANS-RXN-481	G6370-MONOMER	G6370	TRANS-RXN-481	PHYSIOL-LEFT-TO-RIGHT	GO:0015288 // GO:0015267	GO:0016020 // GO:0046930 // GO:0016021 // GO:0009279	GO:0055085 // GO:0015774 // GO:0008643 // GO:0006811 // GO:0015772 // GO:0052778
RXN0-2421 // TRANS-RXN-241	YFEP-MONOMER	G7254	RXN0-2421 // TRANS-RXN-241	REVERSIBLE	GO:0046872 // GO:0046873 // GO:0005515 // GO:0015086 // GO:0015078 // GO:0005384 // GO:0015293 // GO:0015292	GO:0016020 // GO:0016021 // GO:0005886	GO:0071281 // GO:1902600 // GO:0071421 // GO:0070574 // GO:0055085 // GO:0006811 // GO:0030001 // GO:0015691 // GO:0006826 // GO:0006824 // GO:0034599 // GO:0006828
TRANS-RXN-294 // TRANS-RXN-295 // TRANS-RXN-387	EG12455-MONOMER	EG12455	TRANS-RXN-294 // TRANS-RXN-295 // TRANS-RXN-387	REVERSIBLE // PHYSIOL-LEFT-TO-RIGHT	GO:0022857 // GO:0051978 // GO:0005319	GO:0016020 // GO:0016021 // GO:0005887 // GO:0005886	GO:0055085 // GO:0051977 // GO:0006869 // GO:0045332 // GO:0006650
TRANS-RXN0-209	GNTT-MONOMER	EG12380	TRANS-RXN0-209	REVERSIBLE	GO:0015128	GO:0005887 // GO:0016021 // GO:0005886 // GO:0016020	GO:0035429 // GO:0008643 // GO:0046177 // GO:0019521
TRANS-RXN0-201	B0612-MONOMER	G6338	TRANS-RXN0-201	REVERSIBLE	GO:0022857 // GO:0015297	GO:0016021 // GO:0016020 // GO:0005886	GO:0055085
TRANS-RXN-3	KUP-MONOMER	EG11541	TRANS-RXN-3	REVERSIBLE	GO:0015293 // GO:0015387 // GO:0015079	GO:0016021 // GO:0016020 // GO:0005887 // GO:0005886	GO:0006813 // GO:0006811 // GO:0071278 // GO:0071805
TRANS-RXN-27	SHIA-MONOMER	G7067	TRANS-RXN-27	REVERSIBLE	GO:0022857 // GO:0015293 // GO:0015530	GO:0016021 // GO:0016020 // GO:0005886	GO:0055085 // GO:0015733
TRANS-RXN0-239	NARU-MONOMER	EG12153	TRANS-RXN0-239	PHYSIOL-LEFT-TO-RIGHT	GO:0022857 // GO:0015113 // GO:0015112 // GO:0015514	GO:0016021 // GO:0016020 // GO:0005887 // GO:0005886	GO:0055085 // GO:0042128 // GO:0015706 // GO:0015707
TRANS-RXN-77	TYRP-MONOMER	EG11041	TRANS-RXN-77	REVERSIBLE	GO:0015173	GO:0016021 // GO:0016020 // GO:0005887 // GO:0005886	GO:0003333 // GO:0015801 // GO:0006865
RXN66-448 // TRANS-RXN-325	YGGA-MONOMER	EG11159	RXN66-448 // TRANS-RXN-325	RIGHT-TO-LEFT // PHYSIOL-LEFT-TO-RIGHT	GO:0015171 // GO:0015181	GO:0016021 // GO:0016020 // GO:0005887 // GO:0005886	GO:0003333 // GO:0015809 // GO:1903826 // GO:0006865 // GO:1902023
TRANS-RXN-114 // TRANS-RXN0-550 // TRANS-RXN-278 // TRANS-RXN-277	PITB-MONOMER	EG12883	TRANS-RXN-114 // TRANS-RXN0-550 // TRANS-RXN-278 // TRANS-RXN-277	REVERSIBLE // PHYSIOL-LEFT-TO-RIGHT	GO:0005315	GO:0016020 // GO:0005887 // GO:0005886 // GO:0016021	GO:0006817 // GO:0035435
TRANS-RXN-339 // TRANS-RXN-44	EMRD-MONOMER	EG11693	TRANS-RXN-339 // TRANS-RXN-44	REVERSIBLE	GO:0022857 // GO:0042910 // GO:0015299	GO:0016021 // GO:0016020 // GO:0005887 // GO:0005886	GO:0042908 // GO:0055085 // GO:1990961
RXN0-7050 // TRANS-RXN-282 // TRANS-RXN-281 // TRANS-RXN0-270	B4141-MONOMER	G7833	RXN0-7050 // TRANS-RXN-282 // TRANS-RXN-281 // TRANS-RXN0-270	REVERSIBLE	GO:0022857 // GO:0000102 // GO:0005294 // GO:0015179	GO:0016021 // GO:0016020 // GO:0005887 // GO:0005886	GO:0055085 // GO:0006865 // GO:1903714 // GO:0015820 // GO:1903785 // GO:0015821 // GO:0071230
TRANS-RXN-126B // TRANS-RXN-126A // TRANS-RXN-126	BRNQ-MONOMER	EG12168	TRANS-RXN-126B // TRANS-RXN-126A // TRANS-RXN-126	REVERSIBLE	GO:0005515 // GO:0015658 // GO:0015190 // GO:0015188 // GO:0005304	GO:0016020 // GO:0016021 // GO:0005886	GO:0015807 // GO:0098655 // GO:1903785 // GO:1902475 // GO:0015803 // GO:0006865 // GO:0015829 // GO:0015820 // GO:0015818
TRANS-RXN0-453	G6859-MONOMER	G6859	TRANS-RXN0-453	REVERSIBLE	GO:0015562	GO:0016020 // GO:0005887 // GO:0005886 // GO:0016021	GO:0055085 // GO:1905887 // GO:0009372
TRANS-RXN-141B // TRANS-RXN-141A // TRANS-RXN-141	CORA-MONOMER	EG11463	TRANS-RXN-141B // TRANS-RXN-141A // TRANS-RXN-141	LEFT-TO-RIGHT	GO:0046873 // GO:0015099 // GO:0015095 // GO:0015087	GO:0005886 // GO:0016021 // GO:0016020 // GO:0005887	GO:0030001 // GO:0055085 // GO:1903830 // GO:0006811 // GO:0035444 // GO:0015693 // GO:0006824
TRANS-RXN-354 // TRANS-RXN-359 // TRANS-RXN0-592 // TRANS-RXN-356 // TRANS-RXN-355 // TRANS-RXN-357	TRANS-CPLX-201	 // EG11703 // EG11704	TRANS-RXN-354 // TRANS-RXN-359 // TRANS-RXN0-592 // TRANS-RXN-356 // TRANS-RXN-355 // TRANS-RXN-357	PHYSIOL-LEFT-TO-RIGHT			
TRANS-RXN-369 // TRANS-RXN-368	CPLX0-8263	EG11616	TRANS-RXN-369 // TRANS-RXN-368	REVERSIBLE			
RXN0-2481 // RXN0-7211 // RXN0-7210 // RXN-15315 // RXN0-0 // RXN0-7209 // RXN0-7208 // RXN0-7206 // RXN0-7204 // RXN0-1741 // TRANS-RXN0-445 // RXN0-7203 // RXN0-7202 // RXN0-7199 // RXN0-7201 // RXN0-7200 // RXN0-7247 // RXN0-7246 // RXN0-7245 // RXN0-7244 // RXN0-7243 // RXN0-7242 // RXN0-7241 // TRANS-RXN0-490 // RXN0-7207 // TRANS-RXN0-609 // TRANS-RXN0-615 // TRANS-RXN0-614 // TRANS-RXN0-612 // TRANS-RXN0-611 // TRANS-RXN0-608 // TRANS-RXN0-607 // TRANS-RXN0-606 // TRANS-RXN0-604 // TRANS-RXN0-603 // TRANS-RXN0-601 // TRANS-RXN0-598 // TRANS-RXN-380	CPLX0-7534	EG10671	RXN0-2481 // RXN0-7211 // RXN0-7210 // RXN-15315 // RXN0-0 // RXN0-7209 // RXN0-7208 // RXN0-7206 // RXN0-7204 // RXN0-1741 // TRANS-RXN0-445 // RXN0-7203 // RXN0-7202 // RXN0-7199 // RXN0-7201 // RXN0-7200 // RXN0-7247 // RXN0-7246 // RXN0-7245 // RXN0-7244 // RXN0-7243 // RXN0-7242 // RXN0-7241 // TRANS-RXN0-490 // RXN0-7207 // TRANS-RXN0-609 // TRANS-RXN0-615 // TRANS-RXN0-614 // TRANS-RXN0-612 // TRANS-RXN0-611 // TRANS-RXN0-608 // TRANS-RXN0-607 // TRANS-RXN0-606 // TRANS-RXN0-604 // TRANS-RXN0-603 // TRANS-RXN0-601 // TRANS-RXN0-598 // TRANS-RXN-380	REVERSIBLE // LEFT-TO-RIGHT			
ABC-18-RXN // TRANS-RXN0-541	ABC-18-CPLX	EG10592 // EG10594 // EG10593	ABC-18-RXN // TRANS-RXN0-541	PHYSIOL-LEFT-TO-RIGHT	GO:0005354 // GO:0015592	GO:0043190	GO:0015757 // GO:0015765
ABC-33-RXN	ABC-33-CPLX	EG12275 // EG12276 // EG20252	ABC-33-RXN	PHYSIOL-LEFT-TO-RIGHT			
TRANS-RXN-366	ABC-57-CPLX	G6410 // G6409 // G6411	TRANS-RXN-366	PHYSIOL-LEFT-TO-RIGHT			
ATPSYN-RXN // RXN0-7041	ATPSYN-CPLX	 // 	ATPSYN-RXN // RXN0-7041	REVERSIBLE // PHYSIOL-LEFT-TO-RIGHT			
TRANS-RXN-1 // TRANS-RXN-381	CPLX0-7843	EG11258	TRANS-RXN-1 // TRANS-RXN-381	REVERSIBLE			
TRANS-RXN-168	CPLX-168	EG12127 // EG10165	TRANS-RXN-168	LEFT-TO-RIGHT	GO:0090589		GO:0015771
RXN0-1702	CPLX0-7952	EG10306 // 	RXN0-1702	PHYSIOL-LEFT-TO-RIGHT			
RXN0-3501 // RXN0-7124 // RXN-15119	NITRATREDUCTA-CPLX	EG10638 // EG10639 // EG10640	RXN0-3501 // RXN0-7124 // RXN-15119	LEFT-TO-RIGHT // PHYSIOL-LEFT-TO-RIGHT	GO:0048038 // GO:0009055 // GO:0008940	GO:0031235 // GO:0044799 // GO:0005886 // GO:0031224 // GO:0009325	GO:0009061
TRANS-RXN-352 // TRANS-RXN-367 // TRANS-RXN-359	TRANS-CPLX-204	 // EG12240 // EG12241	TRANS-RXN-352 // TRANS-RXN-367 // TRANS-RXN-359	PHYSIOL-LEFT-TO-RIGHT			
TRANS-RXN0-233	CPLX0-4	G7686 // G7685	TRANS-RXN0-233	REVERSIBLE			
ABC-20-RXN	ABC-20-CPLX	EG12078 // EG12079 // EG12076 // EG12077 // EG12075	ABC-20-RXN	PHYSIOL-LEFT-TO-RIGHT			
RXN0-1721	CPLX0-8541	G6414 // 	RXN0-1721	LEFT-TO-RIGHT			
TRANS-RXN-283	ABC-40-CPLX	EG12012 // EG12011 // EG12010 // EG12009	TRANS-RXN-283	PHYSIOL-LEFT-TO-RIGHT	GO:0031459	GO:0055052	GO:0031460
RXN0-21 // RXN0-3	ABC-6-CPLX	EG11405 // EG10012	RXN0-21 // RXN0-3	PHYSIOL-LEFT-TO-RIGHT	GO:0016887 // GO:0020037 // GO:0034634 // GO:0033230	GO:0043190 // GO:0005887	GO:0045454 // GO:0034775 // GO:0033228
RXN0-1682	CPLX0-1941	 // EG10293	RXN0-1682	PHYSIOL-LEFT-TO-RIGHT			
TRANS-RXN0-587 // RXN0-17	CPLX0-7	G7264 // EG10165	TRANS-RXN0-587 // RXN0-17	LEFT-TO-RIGHT // PHYSIOL-LEFT-TO-RIGHT	GO:0090588		GO:0009401
TRANS-RXN0-266 // TRANS-RXN-350	YDGEF-CPLX	G6858 // G6857	TRANS-RXN0-266 // TRANS-RXN-350	REVERSIBLE			
TRANS-RXN0-498	CPLX0-8271	EG12209	TRANS-RXN0-498	REVERSIBLE			
ABC-23-RXN // TRANS-RXN-238	ABC-23-CPLX	EG10713 // EG11283 // EG10714	ABC-23-RXN // TRANS-RXN-238	PHYSIOL-LEFT-TO-RIGHT			
TRANS-RXN-131 // RXN0-7189 // TRANS-RXN0-536 // TRANS-RXN0-537 // TRANS-RXN0-460 // TRANS-RXN0-551 // RXN0-7191	CPLX0-7654	EG10396	TRANS-RXN-131 // RXN0-7189 // TRANS-RXN0-536 // TRANS-RXN0-537 // TRANS-RXN0-460 // TRANS-RXN0-551 // RXN0-7191	REVERSIBLE // LEFT-TO-RIGHT		GO:0005886	
RXN-22427	ABC-62-CPLX	G6575 // G6574 // G6573	RXN-22427	PHYSIOL-LEFT-TO-RIGHT			
RXN0-5266 // RXN-19778 // RXN-19777	CYT-D-UBIOX-CPLX	EG10173 // EG10174 // G0-10441 // G0-10594	RXN0-5266 // RXN-19778 // RXN-19777	PHYSIOL-LEFT-TO-RIGHT // REVERSIBLE			
RXN0-2461	EIISGA	EG12495 // EG12494 // G7856	RXN0-2461	PHYSIOL-LEFT-TO-RIGHT	GO:0090563		GO:0015882 // GO:0009401
TRANS-RXN0-518 // TRANS-RXN-153 // TRANS-RXN-153A // TRANS-RXN-157	CPLX-154	EG10115	TRANS-RXN0-518 // TRANS-RXN-153 // TRANS-RXN-153A // TRANS-RXN-157	LEFT-TO-RIGHT // PHYSIOL-LEFT-TO-RIGHT			
ABC-10-RXN	ABC-10-CPLX	EG10295 // EG10296 // EG10298 // EG10294	ABC-10-RXN	PHYSIOL-LEFT-TO-RIGHT	GO:0015620	GO:0055052	GO:0015685
TRANS-RXN-283 // TRANS-RXN-324 // RXN-8638 // ABC-26-RXN	ABC-26-CPLX	EG10771 // EG10772 // EG10773	TRANS-RXN-283 // TRANS-RXN-324 // RXN-8638 // ABC-26-RXN	PHYSIOL-LEFT-TO-RIGHT	GO:0031459	GO:0043190	GO:0031460
RXN0-11	ABC-49-CPLX	G6429 // G6430 // G6432 // G6431	RXN0-11	PHYSIOL-LEFT-TO-RIGHT	GO:0042626 // GO:0034634	GO:0043190	GO:0034775
ABC-7-RXN // ABC-70-RXN // TRANS-RXN0-478 // TRANS-RXN0-479 // ABC-19-RXN	ABC-7-CPLX	EG10183 // EG10198 // EG10197 // EG10195	ABC-7-RXN // ABC-70-RXN // TRANS-RXN0-478 // TRANS-RXN0-479 // ABC-19-RXN	PHYSIOL-LEFT-TO-RIGHT			
TRANS-RXN-157 // TRANS-RXN0-583	CPLX-157	EG10787 // EG10165	TRANS-RXN-157 // TRANS-RXN0-583	PHYSIOL-LEFT-TO-RIGHT // LEFT-TO-RIGHT	GO:0090564 // GO:0022855		GO:0009401 // GO:0098708
TRANS-RXN-340 // TRANS-RXN0-628 // TRANS-RXN0-493 // TRANS-RXN-344 // TRANS-RXN0-533 // TRANS-RXN0-532	CPLX0-7963	EG10629	TRANS-RXN-340 // TRANS-RXN0-628 // TRANS-RXN0-493 // TRANS-RXN-344 // TRANS-RXN0-533 // TRANS-RXN0-532	REVERSIBLE			
TRANS-RXN0-222 // ABC-13-RXN	ABC-13-CPLX	G6359 // EG12662 // EG12661 // EG12663	TRANS-RXN0-222 // ABC-13-RXN	PHYSIOL-LEFT-TO-RIGHT		GO:0043190	
TRANS-RXN-328	ABC-29-CPLX	EG12305 // G2000 // G2001 // EG12304	TRANS-RXN-328	PHYSIOL-LEFT-TO-RIGHT			
TRANS-RXN0-244 // RXN0-6 // TRANS-RXN0-200	CPLX0-7641	EG11873	TRANS-RXN0-244 // RXN0-6 // TRANS-RXN0-200	LEFT-TO-RIGHT // REVERSIBLE		GO:0005887 // GO:0005886	
ABC-9-RXN	ABC-9-CPLX	EG10290 // EG10288 // EG10289 // EG10287	ABC-9-RXN	PHYSIOL-LEFT-TO-RIGHT		GO:0055052	GO:0033214
TRANS-RXN-2	ATPASE-1-CPLX	G0-10439 // EG10513 // EG10514 // EG10515	TRANS-RXN-2	PHYSIOL-LEFT-TO-RIGHT			
FORMATEDEHYDROG-RXN	FORMATEDEHYDROGO-CPLX	EG11858 // EG11857 // EG11856	FORMATEDEHYDROG-RXN	PHYSIOL-LEFT-TO-RIGHT	GO:0043546 // GO:0036397 // GO:0008430	GO:0005886 // GO:0009326	GO:0045333 // GO:0015944 // GO:0022904 // GO:0009061
TRANS-RXN-351	CPLX0-7807	EG11952 // EG11953 // EG11954	TRANS-RXN-351	PHYSIOL-LEFT-TO-RIGHT			
TRANS-RXN-352 // TRANS-RXN-367 // TRANS-RXN-354 // TRANS-RXN-355	CPLX0-2141	 // EG10266 // EG10267	TRANS-RXN-352 // TRANS-RXN-367 // TRANS-RXN-354 // TRANS-RXN-355	PHYSIOL-LEFT-TO-RIGHT			
TRANS-RXN-237	CPLX0-7992	 // G7889 // G7664 // G7665 // EG11680 // G7888	TRANS-RXN-237	PHYSIOL-LEFT-TO-RIGHT			
RXN0-5256 // RXN-16420	CPLX0-8167		RXN0-5256 // RXN-16420	REVERSIBLE // LEFT-TO-RIGHT	GO:0020037 // GO:0033748 // GO:0009055 // GO:0051536 // GO:0016151	GO:0031237 // GO:0044569	GO:0006113 // GO:0019645 // GO:1902421 // GO:0009061
TRANS-RXN0-224 // TRANS-RXN-377 // TRANS-RXN-378	TRANS-200-CPLX	 // G6462 // G6461	TRANS-RXN0-224 // TRANS-RXN-377 // TRANS-RXN-378	PHYSIOL-LEFT-TO-RIGHT			
RXN0-2481 // RXN0-7211 // RXN0-7241 // RXN0-7210 // RXN-15315 // RXN0-0 // RXN0-7209 // RXN0-7208 // RXN0-7207 // RXN0-7206 // RXN0-7204 // RXN0-1741 // TRANS-RXN0-445 // RXN0-7203 // RXN0-7202 // RXN0-7201 // RXN0-7200 // RXN0-7199 // RXN0-7247 // RXN0-7246 // TRANS-RXN-380 // RXN0-7245 // RXN0-7244 // RXN0-7243 // RXN0-7242 // TRANS-RXN0-490 // TRANS-RXN0-615 // TRANS-RXN0-614 // TRANS-RXN0-612 // TRANS-RXN0-611 // TRANS-RXN0-609 // TRANS-RXN0-608 // TRANS-RXN0-607 // TRANS-RXN0-606 // TRANS-RXN0-604 // TRANS-RXN0-603 // TRANS-RXN0-601 // TRANS-RXN0-598	CPLX0-7533	EG10670	RXN0-2481 // RXN0-7211 // RXN0-7241 // RXN0-7210 // RXN-15315 // RXN0-0 // RXN0-7209 // RXN0-7208 // RXN0-7207 // RXN0-7206 // RXN0-7204 // RXN0-1741 // TRANS-RXN0-445 // RXN0-7203 // RXN0-7202 // RXN0-7201 // RXN0-7200 // RXN0-7199 // RXN0-7247 // RXN0-7246 // TRANS-RXN-380 // RXN0-7245 // RXN0-7244 // RXN0-7243 // RXN0-7242 // TRANS-RXN0-490 // TRANS-RXN0-615 // TRANS-RXN0-614 // TRANS-RXN0-612 // TRANS-RXN0-611 // TRANS-RXN0-609 // TRANS-RXN0-608 // TRANS-RXN0-607 // TRANS-RXN0-606 // TRANS-RXN0-604 // TRANS-RXN0-603 // TRANS-RXN0-601 // TRANS-RXN0-598	REVERSIBLE // LEFT-TO-RIGHT			
ABC-16-RXN // TRANS-RXN0-504 // TRANS-RXN0-503	ABC-16-CPLX	EG10558 // EG10555 // EG10556 // EG10554	ABC-16-RXN // TRANS-RXN0-504 // TRANS-RXN0-503	PHYSIOL-LEFT-TO-RIGHT	GO:0140297 // GO:0015423	GO:1990060 // GO:0043190	GO:0042956 // GO:0015768
ABC-32-RXN	ABC-32-CPLX	EG11572 // EG11573 // EG11574	ABC-32-RXN	PHYSIOL-LEFT-TO-RIGHT			
ABC-56-RXN	ABC-56-CPLX	G6478 // G6476 // EG12358	ABC-56-RXN	PHYSIOL-LEFT-TO-RIGHT			
TRANS-RXN-167 // TRANS-RXN-167A	CPLX-167	EG10635	TRANS-RXN-167 // TRANS-RXN-167A	PHYSIOL-LEFT-TO-RIGHT			
TRANS-RXN0-277	PYRNUTRANSHYDROGEN-CPLX	EG10745 // EG10744	TRANS-RXN0-277	REVERSIBLE	GO:0008750	GO:0005886 // GO:0005887	GO:0006740
TRANS-RXN0-235	TRANS-CPLX-203	EG12283 // EG12282 // EG12281	TRANS-RXN0-235	LEFT-TO-RIGHT			
ABC-2-RXN	ABC-2-CPLX	EG10058 // EG10059 // EG10057	ABC-2-RXN	PHYSIOL-LEFT-TO-RIGHT	GO:0015147	GO:0055052	GO:0042882
ABC-4-RXN	ABC-4-CPLX	EG11628 // EG11626 // EG11627 // EG11624	ABC-4-RXN	PHYSIOL-LEFT-TO-RIGHT			
RXN0-5266	APP-UBIOX-CPLX	EG11380 // EG11379	RXN0-5266	PHYSIOL-LEFT-TO-RIGHT			
TRANS-RXN-42	CPLX0-7819	EG10521	TRANS-RXN-42	REVERSIBLE			
TRANS-RXN-100	CPLX0-7906	EG11561	TRANS-RXN-100	REVERSIBLE			
RXN0-1565 // TRANS-RXN0-283	CPLX0-1924	EG10126 // 	RXN0-1565 // TRANS-RXN0-283	PHYSIOL-LEFT-TO-RIGHT			
TRANS-RXN-403	SEC-SECRETION-CPLX	 //  // EG11197	TRANS-RXN-403	PHYSIOL-LEFT-TO-RIGHT			
TRANS-RXN0-268 // ABC-8-RXN // 3.6.3.23-RXN	ABC-22-CPLX	EG10676 // EG10677 // EG10678 // EG10675 // EG10674	TRANS-RXN0-268 // ABC-8-RXN // 3.6.3.23-RXN	PHYSIOL-LEFT-TO-RIGHT			
TRANS-RXN-86	CPLX0-7627	EG11180	TRANS-RXN-86	LEFT-TO-RIGHT			
ABC-42-RXN	ABC-42-CPLX	EG11959 // EG11958 // EG12458	ABC-42-RXN	PHYSIOL-LEFT-TO-RIGHT	GO:0015593	GO:0043190	GO:0015754
TRANS-RXN-145	CPLX0-7653	EG13270	TRANS-RXN-145	REVERSIBLE			
TRANS-RXN-155 // TRANS-RXN-153A // TRANS-RXN-153	CPLX-153	EG10086	TRANS-RXN-155 // TRANS-RXN-153A // TRANS-RXN-153	LEFT-TO-RIGHT // PHYSIOL-LEFT-TO-RIGHT			
RXN-5068	CPLX-3945	G6544 // G6543	RXN-5068	LEFT-TO-RIGHT			
RXN0-1684	CPLX0-1943	EG10286 // 	RXN0-1684	PHYSIOL-LEFT-TO-RIGHT			
RXN0-4522 // TRANS-RXN0-202 // RXN0-7185 // RXN0-7186 // TRANS-RXN0-511 // TRANS-RXN0-510 // TRANS-RXN-383	METNIQ-METHIONINE-ABC-CPLX	EG11621 // EG11737 // EG11504	RXN0-4522 // TRANS-RXN0-202 // RXN0-7185 // RXN0-7186 // TRANS-RXN0-511 // TRANS-RXN0-510 // TRANS-RXN-383	PHYSIOL-LEFT-TO-RIGHT	GO:0033232 // GO:0015191	GO:0055052	GO:0015821
ABC-25-RXN	ABC-25-CPLX	EG11630 // EG11631 // EG11632 // EG11629	ABC-25-RXN	PHYSIOL-LEFT-TO-RIGHT			
ABC-64-RXN	ABC-64-CPLX	G6217 // G6219 // G6218	ABC-64-RXN	PHYSIOL-LEFT-TO-RIGHT			
TRANS-RXN0-269	CPLX0-7684	G7405 // G7406	TRANS-RXN0-269	REVERSIBLE			
TRANS-RXN-236	CPLX0-7704	EG10613	TRANS-RXN-236	PHYSIOL-LEFT-TO-RIGHT			
TRANS-RXN-156	CPLX-156	EG11791 // EG11792	TRANS-RXN-156	LEFT-TO-RIGHT			GO:0009401
RXN3O-9786 // RXN-22385	CPLX-7	EG12236	RXN3O-9786 // RXN-22385	LEFT-TO-RIGHT			
TRANS-RXN-360	CPLX0-3932	 // EG10014 // EG11703	TRANS-RXN-360	PHYSIOL-LEFT-TO-RIGHT			
ABC-12-RXN	ABC-12-CPLX	EG10389 // EG10388 // EG10386	ABC-12-RXN	PHYSIOL-LEFT-TO-RIGHT	GO:0015186	GO:0043190	GO:0006868
ABC-28-RXN	ABC-28-CPLX	EG10814 // EG10816 // EG10815	ABC-28-RXN	PHYSIOL-LEFT-TO-RIGHT			
ABC-8-RXN	ABC-8-CPLX	EG12627 // EG12628 // EG12625 // EG12626 // EG10248	ABC-8-RXN	PHYSIOL-LEFT-TO-RIGHT	GO:0042626	GO:0055052	GO:0035442
FORMATEDEHYDROG-RXN	FORMATEDEHYDROGN-CPLX		FORMATEDEHYDROG-RXN	PHYSIOL-LEFT-TO-RIGHT	GO:0036397 // GO:0009055	GO:0071575 // GO:0016021 // GO:0009326	GO:0009061 // GO:0019645 // GO:0015944
TRANS-RXN0-280 // TRANS-RXN-90	CPLX0-1721	G6320 // G6322 // G6321 // EG12367	TRANS-RXN0-280 // TRANS-RXN-90	PHYSIOL-LEFT-TO-RIGHT			
TRANS-RXN-365 // TRANS-RXN-364 // TRANS-RXN-363	CPLX0-2121	 // EG11354 // EG11439	TRANS-RXN-365 // TRANS-RXN-364 // TRANS-RXN-363	PHYSIOL-LEFT-TO-RIGHT			
RXN-9615	CPLX0-7532	EG11821	RXN-9615	PHYSIOL-LEFT-TO-RIGHT			
ABC-35-RXN // ABC-36-RXN // ABC-15-RXN // TRANS-RXN-312	ABC-15-CPLX	EG10536 // EG10537 // EG10538 // EG10541 // EG10539	ABC-35-RXN // ABC-36-RXN // ABC-15-RXN // TRANS-RXN-312	PHYSIOL-LEFT-TO-RIGHT		GO:0055052	GO:0015807
ABC-35-RXN // TRANS-RXN-312	ABC-304-CPLX	EG10540 // EG10541 // EG10538 // EG10537 // EG10536	ABC-35-RXN // TRANS-RXN-312	PHYSIOL-LEFT-TO-RIGHT		GO:0055052	GO:0015807
TRANS-RXN-156 // TRANS-RXN-169	CPLX-166	EG10615	TRANS-RXN-156 // TRANS-RXN-169	LEFT-TO-RIGHT			
TRANS-RXN0-549 // RXN0-5413	CPLX0-7994	G6528 // G6529	TRANS-RXN0-549 // RXN0-5413	PHYSIOL-LEFT-TO-RIGHT	GO:0008375 // GO:0015159	GO:0005887	GO:0043708 // GO:0015774
TRANS-RXN-353 // TRANS-RXN-352 // TRANS-RXN-92	TRANS-CPLX-202	 // G7115 // G7114 // G7113	TRANS-RXN-353 // TRANS-RXN-352 // TRANS-RXN-92	PHYSIOL-LEFT-TO-RIGHT			
TRANS-RXN0-268	CPLX0-3970	EG10675 // EG10676 // EG10677 // EG10678 // G6665	TRANS-RXN0-268	PHYSIOL-LEFT-TO-RIGHT			
RXN0-2162	CPLX0-7535	EG12462	RXN0-2162	REVERSIBLE			
ABC-19-RXN	ABC-19-CPLX	EG10152 // EG10002 // EG12427	ABC-19-RXN	PHYSIOL-LEFT-TO-RIGHT			
ABC-34-RXN // TRANS-RXN0-573	ABC-34-CPLX	EG11048 // EG11046 // EG11049 // EG11047	ABC-34-RXN // TRANS-RXN0-573	PHYSIOL-LEFT-TO-RIGHT	GO:0015169 // GO:0001406 // GO:0015430	GO:0055052	GO:0016036 // GO:0001407 // GO:0015794
TRANS-RXN0-454	ABC-58-CPLX	G6803 // G6802 // G6801 // G6800	TRANS-RXN0-454	PHYSIOL-LEFT-TO-RIGHT			
TRANS-RXN-169 // TRANS-RXN-156	CPLX-169	G8210 // EG10970 // EG10969	TRANS-RXN-169 // TRANS-RXN-156	LEFT-TO-RIGHT	GO:0090565 // GO:0090583		GO:0009401
RXN0-1981 // RXN0-5111 // TRANS-RXN0-576	CPLX0-7955	EG11942	RXN0-1981 // RXN0-5111 // TRANS-RXN0-576	REVERSIBLE			
RXN0-3501 // RXN-15119	NITRATREDUCTZ-CPLX	EG10647 // EG10648 // EG10644	RXN0-3501 // RXN-15119	LEFT-TO-RIGHT	GO:0051538 // GO:0051539 // GO:0051536 // GO:0043546 // GO:0009055 // GO:0008940	GO:0005886 // GO:0009325 // GO:0016020	GO:0019645 // GO:0009061
TRANS-RXN0-593 // TRANS-RXN-291 // TRANS-RXN0-508 // TRANS-RXN0-513 // TRANS-RXN-290 // TRANS-RXN0-617	CPLX0-8152	EG12347 // G7037 // G7039	TRANS-RXN0-593 // TRANS-RXN-291 // TRANS-RXN0-508 // TRANS-RXN0-513 // TRANS-RXN-290 // TRANS-RXN0-617	PHYSIOL-LEFT-TO-RIGHT			
TRANS-RXN0-181	TATABCE-CPLX	G7808 // EG11479 // EG11305 // G7806	TRANS-RXN0-181	PHYSIOL-LEFT-TO-RIGHT	GO:0009977	GO:0033281	GO:0043953 // GO:0065002
TRANS-RXN-132	CPLX0-8247	EG12129	TRANS-RXN-132	REVERSIBLE			
TRANS-RXN-86	CPLX0-7626	EG11160	TRANS-RXN-86	LEFT-TO-RIGHT			
TRANS-RXN0-268 // ABC-8-RXN // 3.6.3.23-RXN	ABC-41-CPLX	EG12041 // EG12038 // EG12040 // EG12037	TRANS-RXN0-268 // ABC-8-RXN // 3.6.3.23-RXN	PHYSIOL-LEFT-TO-RIGHT			
TRANS-RXN0-276	CPLX0-7720	G0-10460 // G7171	TRANS-RXN0-276	LEFT-TO-RIGHT			
RXN0-1701	CPLX0-1942	 // EG10302	RXN0-1701	PHYSIOL-LEFT-TO-RIGHT			
TRANS-RXN-161 // TRANS-RXN-169	CPLX0-231	EG12416 // EG12415 // EG12414	TRANS-RXN-161 // TRANS-RXN-169	PHYSIOL-LEFT-TO-RIGHT // LEFT-TO-RIGHT	GO:0090584 // GO:0090583		GO:0015795 // GO:0009401 // GO:0015796
ABC-24-RXN // ABC-25-RXN	ABC-24-CPLX	EG10749 // EG10750 // EG10751 // EG10752	ABC-24-RXN // ABC-25-RXN	PHYSIOL-LEFT-TO-RIGHT			
TRANS-RXN-129 // TRANS-RXN-292	CPLX0-7629	EG10652	TRANS-RXN-129 // TRANS-RXN-292	REVERSIBLE			
TRANS-RXN0-492 // TRANS-RXN0-491	ABC-46-CPLX	EG12439 // EG12518 // EG12520 // EG12517	TRANS-RXN0-492 // TRANS-RXN0-491	PHYSIOL-LEFT-TO-RIGHT	GO:0015399	GO:0043190	GO:0055085
RXN0-1741 // RXN0-1804	CPLX0-7655	EG10528	RXN0-1741 // RXN0-1804	LEFT-TO-RIGHT		GO:0009279	
ABC-63-RXN	ABC-63-CPLX	G7018 // EG12368 // G7017	ABC-63-RXN	PHYSIOL-LEFT-TO-RIGHT			
RXN-21817	CYT-O-UBIOX-CPLX	EG10181 // EG10178 // EG10179 // EG10180	RXN-21817	PHYSIOL-LEFT-TO-RIGHT	GO:0005507 // GO:0020037 // GO:0015078 // GO:0009055 // GO:0009486 // GO:0015453	GO:0005887 // GO:0005886 // GO:0009319	GO:0009060 // GO:0015990 // GO:0019646
TRANS-RXN-155B // TRANS-RXN-155	CPLX-155	EG10142 // EG10141 // EG10140	TRANS-RXN-155B // TRANS-RXN-155	PHYSIOL-LEFT-TO-RIGHT // LEFT-TO-RIGHT	GO:0090566		GO:1902815 // GO:0009401
RXN0-2501	CPLX0-7961	EG12331	RXN0-2501	REVERSIBLE			
TRANS-RXN-205A	CPLX0-8097	EG10928	TRANS-RXN-205A	REVERSIBLE			
ABC-11-RXN // TRANS-RXN-297 // TRANS-RXN-298	ABC-11-CPLX	EG10304 // EG10303 // EG10305	ABC-11-RXN // TRANS-RXN-297 // TRANS-RXN-298	PHYSIOL-LEFT-TO-RIGHT	GO:0015344	GO:0043190	GO:0015687
RXN-22326 // ABC-27-RXN	ABC-27-CPLX	EG10783 // EG10782 // EG10784 // EG10734	RXN-22326 // ABC-27-RXN	PHYSIOL-LEFT-TO-RIGHT			
ABC-5-RXN // TRANS-RXN-296	ABC-5-CPLX	EG10128 // EG10127 // EG12334	ABC-5-RXN // TRANS-RXN-296	PHYSIOL-LEFT-TO-RIGHT			
ABC-70-RXN // ABC-7-RXN // TRANS-RXN0-478 // TRANS-RXN0-479 // ABC-19-RXN	ABC-70-CPLX	EG10929 // EG10198 // EG10197 // EG10183	ABC-70-RXN // ABC-7-RXN // TRANS-RXN0-478 // TRANS-RXN0-479 // ABC-19-RXN	PHYSIOL-LEFT-TO-RIGHT			
RXN-9644 // PROPIONATE--COA-LIGASE-RXN // ACYLCOASYN-RXN // TRANS-RXN0-623 // RXN0-7238 // RXN0-7239 // RXN0-7248	ACYLCOASYN-CPLX	EG11530	RXN-9644 // PROPIONATE--COA-LIGASE-RXN // ACYLCOASYN-RXN // TRANS-RXN0-623 // RXN0-7238 // RXN0-7239 // RXN0-7248	PHYSIOL-LEFT-TO-RIGHT			
TRANS-RXN0-582 // TRANS-RXN0-618 // TRANS-RXN-158	CPLX-158	G7990 // EG10336	TRANS-RXN0-582 // TRANS-RXN0-618 // TRANS-RXN-158	PHYSIOL-LEFT-TO-RIGHT // LEFT-TO-RIGHT	GO:0090582		GO:0015761 // GO:0009401 // GO:0032445
NADH-DEHYDROG-A-RXN // RXN0-5388	NADH-DHI-CPLX	EG12082 // EG12088 // EG12090 // EG12091 // EG12092 // EG11773 // EG12093 // 	NADH-DEHYDROG-A-RXN // RXN0-5388	REVERSIBLE // LEFT-TO-RIGHT	GO:0005509 // GO:0046583 // GO:0008137	GO:0045272	GO:0015990 // GO:0019645 // GO:0019646 // GO:0030965 // GO:0009061
RXN0-2481 // RXN0-7241 // RXN0-7211 // RXN0-7210 // RXN-15315 // RXN0-0 // RXN0-7209 // RXN0-7208 // RXN0-7207 // RXN0-7206 // RXN0-7204 // RXN0-1741 // TRANS-RXN0-445 // RXN0-7203 // RXN0-7202 // RXN0-7201 // RXN0-7200 // RXN0-7199 // RXN0-7247 // RXN0-7246 // TRANS-RXN-380 // RXN0-7245 // TRANS-RXN0-490 // RXN0-7244 // RXN0-7243 // RXN0-7242 // TRANS-RXN0-615 // TRANS-RXN0-614 // TRANS-RXN0-612 // TRANS-RXN0-611 // TRANS-RXN0-609 // TRANS-RXN0-608 // TRANS-RXN0-607 // TRANS-RXN0-606 // TRANS-RXN0-604 // TRANS-RXN0-603 // TRANS-RXN0-601 // TRANS-RXN0-598	CPLX0-7530	EG10729	RXN0-2481 // RXN0-7241 // RXN0-7211 // RXN0-7210 // RXN-15315 // RXN0-0 // RXN0-7209 // RXN0-7208 // RXN0-7207 // RXN0-7206 // RXN0-7204 // RXN0-1741 // TRANS-RXN0-445 // RXN0-7203 // RXN0-7202 // RXN0-7201 // RXN0-7200 // RXN0-7199 // RXN0-7247 // RXN0-7246 // TRANS-RXN-380 // RXN0-7245 // TRANS-RXN0-490 // RXN0-7244 // RXN0-7243 // RXN0-7242 // TRANS-RXN0-615 // TRANS-RXN0-614 // TRANS-RXN0-612 // TRANS-RXN0-611 // TRANS-RXN0-609 // TRANS-RXN0-608 // TRANS-RXN0-607 // TRANS-RXN0-606 // TRANS-RXN0-604 // TRANS-RXN0-603 // TRANS-RXN0-601 // TRANS-RXN0-598	REVERSIBLE // LEFT-TO-RIGHT			
ABC-14-RXN	ABC-14-CPLX	EG10452 // EG10007 // EG12125 // EG12124	ABC-14-RXN	PHYSIOL-LEFT-TO-RIGHT	GO:0005291	GO:0043190	GO:1903810 // GO:0089709
ABC-37-RXN // ABC-4-RXN // ABC-3-RXN	ABC-3-CPLX	EG12125 // EG10452 // EG10007 // EG10072	ABC-37-RXN // ABC-4-RXN // ABC-3-RXN	PHYSIOL-LEFT-TO-RIGHT			
TRANS-RXN-29 // TRANS-RXN-29A	CPLX0-7642	EG11612	TRANS-RXN-29 // TRANS-RXN-29A	REVERSIBLE			
RXN0-5256	FORMHYDROG2-CPLX	EG11799 // EG11800 // G7554 // EG11801	RXN0-5256	REVERSIBLE	GO:0033748 // GO:0009055 // GO:0016151 // GO:0005506 // GO:0047067	GO:0031236 // GO:0044569	GO:0009061 // GO:0019588 // GO:0019645 // GO:1902421
TRANS-RXN-165 // TRANS-RXN0-540 // TRANS-RXN0-446 // TRANS-RXN-167A // TRANS-RXN-157 // TRANS-RXN-167 // TRANS-RXN-158A	CPLX-165	EG10569 // EG10568 // EG10567	TRANS-RXN-165 // TRANS-RXN0-540 // TRANS-RXN0-446 // TRANS-RXN-167A // TRANS-RXN-157 // TRANS-RXN-167 // TRANS-RXN-158A	PHYSIOL-LEFT-TO-RIGHT // LEFT-TO-RIGHT	GO:0090591 // GO:0090590 // GO:0022855 // GO:0022880 // GO:0022877 // GO:0022870		GO:0098708 // GO:0015764 // GO:0015761 // GO:0032445 // GO:0075733 // GO:0009401
TRANS-RXN-365	CPLX0-2161	 // G7233 // EG13283	TRANS-RXN-365	PHYSIOL-LEFT-TO-RIGHT			
